{
    "loss": 1.8478256464004517,
    "accuracy": 0.7450980544090271
}